dataset,beta,lambda,lambdaBIC,minNodeSize,ACC,NMI,Purity,Fscore,anchorTotal,targetView,iter,algoTime,anchorTime,totalTime
Caltech101-all,10,100,1,40,0.26544728783902,0.433982255907454,0.405074365704287,0.19470784530534,968,5,51,66.027962,28.8082956,94.8362576
Caltech101-all,10,1000,1,40,0.274086832895888,0.443310429802458,0.412839020122485,0.203619993561553,968,5,51,47.9757392,28.8082956,76.7840348
Caltech101-all,10,10000,1,40,0.277859798775153,0.440649691309386,0.412592957130359,0.202150121713319,968,5,51,47.0631133,28.8082956,75.8714089
Caltech101-all,100,100,1,40,0.247594050743657,0.472483461249175,0.456146106736658,0.190182062559674,968,5,51,45.3074418,28.8082956,74.1157374
Caltech101-all,100,1000,1,40,0.248578302712161,0.475311655458265,0.459673009623797,0.19353414095022,968,5,51,45.6739652,28.8082956,74.4822608
Caltech101-all,100,10000,1,40,0.245652887139108,0.473917969693317,0.458880139982502,0.19407684316054,968,5,51,45.1648088,28.8082956,73.9731044
Caltech101-all,10,100,1,80,0.275344488188976,0.447142013655918,0.423583770778653,0.219001250734927,515,5,51,38.0593619,23.7523295,61.8116914
Caltech101-all,10,1000,1,80,0.280238407699038,0.451493400525845,0.428997156605424,0.226553136199233,515,5,51,37.951481,23.7523295,61.7038105
Caltech101-all,10,10000,1,80,0.279363517060367,0.448818410987529,0.429625984251968,0.220036135399715,515,5,51,37.6033405,23.7523295,61.35567
Caltech101-all,100,100,1,80,0.247047244094488,0.472659548719147,0.453794838145232,0.198093875402895,515,5,51,36.299465,23.7523295,60.0517945
Caltech101-all,100,1000,1,80,0.246035651793526,0.474125150413151,0.453548775153106,0.202555416826234,515,5,51,36.0421725,23.7523295,59.794502
Caltech101-all,100,10000,1,80,0.250656167979003,0.475630925909735,0.457185039370079,0.209595767826744,515,5,51,36.1878106,23.7523295,59.9401401
Caltech101-all,10,100,1,160,0.270641951006124,0.448439755260944,0.414944225721785,0.230942874607483,260,5,51,31.861088,21.0807,52.941788
Caltech101-all,10,1000,1,160,0.255905511811024,0.451947886330405,0.423747812773403,0.219147718394851,260,5,51,31.8193746,21.0807,52.9000746
Caltech101-all,10,10000,1,160,0.254593175853018,0.447736470530502,0.422189413823272,0.216568553812177,260,5,51,31.9448856,21.0807,53.0255856
Caltech101-all,100,100,1,160,0.207977909011374,0.450773296662775,0.422189413823272,0.193852742650417,260,5,51,28.5840321,21.0807,49.6647321
Caltech101-all,100,1000,1,160,0.215578521434821,0.447983130013178,0.420658355205599,0.194262191287756,260,5,51,28.8464298,21.0807,49.9271298
Caltech101-all,100,10000,1,160,0.212516404199475,0.448706027685051,0.422954943132108,0.188923148410875,260,5,51,28.7995616,21.0807,49.8802616
Caltech101-all,10,100,2,40,0.27545384951881,0.437267930648866,0.412483595800525,0.227433428870348,730,5,51,38.3638183,25.3643228,63.7281411
Caltech101-all,10,1000,2,40,0.26544728783902,0.443447747356673,0.414479440069991,0.216385598535371,730,5,51,38.5754331,25.3643228,63.9397559
Caltech101-all,10,10000,2,40,0.26878280839895,0.445028865638985,0.420631014873141,0.218527892110033,730,5,51,37.4903923,25.3643228,62.8547151
Caltech101-all,100,100,2,40,0.234990157480315,0.465496895437839,0.444444444444444,0.19717564284111,730,5,51,38.2724376,25.3643228,63.6367604
Caltech101-all,100,1000,2,40,0.233896544181977,0.466446394255657,0.444335083114611,0.196034358622725,730,5,51,35.8020889,25.3643228,61.1664117
Caltech101-all,100,10000,2,40,0.234798775153106,0.467310398088259,0.447670603674541,0.194532255668269,730,5,51,35.5411913,25.3643228,60.9055141
Caltech101-all,10,100,2,80,0.273813429571304,0.431514214963196,0.408273184601925,0.225946750200952,447,5,51,33.8189222,43.6790883,77.4980105
Caltech101-all,10,1000,2,80,0.27370406824147,0.440348247194775,0.417541557305337,0.219277748541704,447,5,51,33.5681077,43.6790883,77.247196
Caltech101-all,10,10000,2,80,0.270751312335958,0.443029683007948,0.420603674540682,0.221501808711527,447,5,51,33.5648608,43.6790883,77.2439491
Caltech101-all,100,100,2,80,0.229440069991251,0.456541492926214,0.432031933508311,0.191197416630031,447,5,51,32.559008,43.6790883,76.2380963
Caltech101-all,100,1000,2,80,0.236193132108486,0.462098904425273,0.436816491688539,0.202053463829175,447,5,51,32.1227621,43.6790883,75.8018504
Caltech101-all,100,10000,2,80,0.232256124234471,0.458698879291263,0.435176071741032,0.194523690696437,447,5,51,32.8263647,43.6790883,76.505453
Caltech101-all,10,100,2,160,0.263943569553806,0.438410796738676,0.407890419947507,0.231966560786444,251,5,51,30.963898,20.7340572,51.6979552
Caltech101-all,10,1000,2,160,0.260580708661417,0.44262270977694,0.416174540682415,0.228667524477223,251,5,51,30.8203676,20.7340572,51.5544248
Caltech101-all,10,10000,2,160,0.260334645669291,0.442013033772113,0.41625656167979,0.235906004344303,251,5,51,30.7893485,20.7340572,51.5234057
Caltech101-all,100,100,2,160,0.20838801399825,0.446775285154429,0.417459536307962,0.190785808347047,251,5,51,28.7237049,20.7340572,49.4577621
Caltech101-all,100,1000,2,160,0.212215660542432,0.446331311365679,0.41661198600175,0.18910832613162,251,5,51,27.8268002,20.7340572,48.5608574
Caltech101-all,100,10000,2,160,0.215277777777778,0.446346997470025,0.418580489938758,0.19058986858446,251,5,51,27.693723,20.7340572,48.4277802
Caltech101-all,10,100,4,40,0.260498687664042,0.434692990958929,0.411936789151356,0.224884576910043,383,5,51,31.6275751,21.6370794,53.2646545
Caltech101-all,10,1000,4,40,0.258475503062117,0.435925677773781,0.414588801399825,0.228005740463409,383,5,51,31.3633249,21.6370794,53.0004043
Caltech101-all,10,10000,4,40,0.254620516185477,0.43999567477456,0.420138888888889,0.22941658442181,383,5,51,31.2589511,21.6370794,52.8960305
Caltech101-all,100,100,4,40,0.21875,0.447374354403962,0.421642607174103,0.196090012463666,383,5,51,29.4568179,21.6370794,51.0938973
Caltech101-all,100,1000,4,40,0.215715223097113,0.446381760773497,0.421615266841645,0.190996428942498,383,5,51,30.1831018,21.6370794,51.8201812
Caltech101-all,100,10000,4,40,0.215961286089239,0.446900260391605,0.421615266841645,0.190392429224415,383,5,51,29.2292957,21.6370794,50.8663751
Caltech101-all,10,100,4,80,0.265884733158355,0.427636542540191,0.410077646544182,0.220381909551021,319,5,51,30.685541,21.2681746,51.9537156
Caltech101-all,10,1000,4,80,0.246363735783027,0.430132713872714,0.411089238845144,0.211083354985192,319,5,51,30.7177543,21.2681746,51.9859289
Caltech101-all,10,10000,4,80,0.243301618547682,0.430850248629648,0.407070209973753,0.209254706176381,319,5,51,30.5443985,21.2681746,51.8125731
Caltech101-all,100,100,4,80,0.209481627296588,0.450989974043163,0.424868766404199,0.188514435260375,319,5,51,28.7519735,21.2681746,50.0201481
Caltech101-all,100,1000,4,80,0.215605861767279,0.44735212663247,0.421587926509186,0.197614491989157,319,5,51,28.3623119,21.2681746,49.6304865
Caltech101-all,100,10000,4,80,0.213555336832896,0.448151872777926,0.420658355205599,0.194655645083236,319,5,51,28.7010756,21.2681746,49.9692502
Caltech101-all,10,100,4,160,0.246117672790901,0.425310748257983,0.396735564304462,0.222616121393773,218,5,51,29.8636443,20.2901581,50.1538024
Caltech101-all,10,1000,4,160,0.231107830271216,0.42171108392536,0.396626202974628,0.203253673932648,218,5,51,29.5473286,20.2901581,49.8374867
Caltech101-all,10,10000,4,160,0.23384186351706,0.427268938221352,0.39922353455818,0.216568978350346,218,5,51,30.0665026,20.2901581,50.3566607
Caltech101-all,100,100,4,160,0.212352362204724,0.437259860292482,0.409776902887139,0.192842627866308,218,5,51,25.2943897,20.2901581,45.5845478
Caltech101-all,100,1000,4,160,0.204232283464567,0.438402303488249,0.408464566929134,0.186446518974864,218,5,51,25.2734782,20.2901581,45.5636363
Caltech101-all,100,10000,4,160,0.209782370953631,0.438004084320498,0.408655949256343,0.193260641193605,218,5,51,25.5083301,20.2901581,45.7984882
MFeat_2Views,1,1000,0.5,10,0.38325,0.360307934641636,0.4036875,0.238696142811381,319,1,22,71.2109728,1.1484138,72.3593866
MFeat_2Views,1,10000,0.5,10,0.3788125,0.355599209355756,0.39825,0.233846327244416,319,1,22,5.6163664,1.1484138,6.7647802
MFeat_2Views,1,100000,0.5,10,0.3765625,0.351854457216719,0.3964375,0.236823441281682,319,1,22,5.5664306,1.1484138,6.7148444
MFeat_2Views,10,1000,0.5,10,0.4386875,0.398645759326251,0.4555625,0.271125719735985,319,1,51,11.8589498,1.1484138,13.0073636
MFeat_2Views,10,10000,0.5,10,0.4256875,0.39338518997174,0.44525,0.25650923875928,319,1,51,11.0611719,1.1484138,12.2095857
MFeat_2Views,10,100000,0.5,10,0.4465625,0.406440364036953,0.464,0.275533595632354,319,1,51,11.6732123,1.1484138,12.8216261
MFeat_2Views,100,1000,0.5,10,0.4170625,0.356425194546664,0.436125,0.321648724230872,319,1,51,10.8372722,1.1484138,11.985686
MFeat_2Views,100,10000,0.5,10,0.404,0.333734432328214,0.413,0.316456242204778,319,1,51,9.5721994,1.1484138,10.7206132
MFeat_2Views,100,100000,0.5,10,0.3975625,0.329518620489862,0.414125,0.319453114610585,319,1,51,10.9323289,1.1484138,12.0807427
MFeat_2Views,1,1000,0.5,20,0.487875,0.462989779205839,0.5058125,0.305688580828894,155,1,51,8.6975866,2.8487946,11.5463812
MFeat_2Views,1,10000,0.5,20,0.487875,0.462989779205839,0.5058125,0.305688580828894,155,1,51,8.4230611,2.8487946,11.2718557
MFeat_2Views,1,100000,0.5,20,0.487875,0.462989779205839,0.5058125,0.305688580828894,155,1,51,8.2615305,2.8487946,11.1103251
MFeat_2Views,10,1000,0.5,20,0.5396875,0.530177082499902,0.5724375,0.355906655222384,155,1,51,8.2831009,2.8487946,11.1318955
MFeat_2Views,10,10000,0.5,20,0.5396875,0.530177082499902,0.5724375,0.355906655222384,155,1,51,8.9924855,2.8487946,11.8412801
MFeat_2Views,10,100000,0.5,20,0.5396875,0.530177082499902,0.5724375,0.355906655222384,155,1,51,8.3778202,2.8487946,11.2266148
MFeat_2Views,100,1000,0.5,20,0.8515625,0.816723043573035,0.8655,0.778970113792643,155,1,51,7.4933991,2.8487946,10.3421937
MFeat_2Views,100,10000,0.5,20,0.8515625,0.816723043573035,0.8655,0.778970113792643,155,1,51,6.8552818,2.8487946,9.7040764
MFeat_2Views,100,100000,0.5,20,0.8515625,0.816723043573035,0.8655,0.778970113792643,155,1,51,7.7779985,2.8487946,10.6267931
MFeat_2Views,1,1000,0.5,40,0.50075,0.460544825115771,0.5176875,0.351022825806406,74,1,51,6.975656,1.9028309,8.8784869
MFeat_2Views,1,10000,0.5,40,0.5145,0.489391374754987,0.534,0.373855531668531,74,1,51,6.6076704,1.9028309,8.5105013
MFeat_2Views,1,100000,0.5,40,0.5145,0.489391374754987,0.534,0.373855531668531,74,1,51,6.6265902,1.9028309,8.5294211
MFeat_2Views,10,1000,0.5,40,0.6651875,0.650346863799549,0.684625,0.525045604443786,74,1,51,7.819966,1.9028309,9.7227969
MFeat_2Views,10,10000,0.5,40,0.6651875,0.650346863799549,0.684625,0.525045604443786,74,1,51,8.3570064,1.9028309,10.2598373
MFeat_2Views,10,100000,0.5,40,0.6651875,0.650346863799549,0.684625,0.525045604443786,74,1,51,6.6612894,1.9028309,8.5641203
MFeat_2Views,100,1000,0.5,40,0.8995,0.848340910139354,0.905,0.834523982593832,74,1,26,2.8546468,1.9028309,4.7574777
MFeat_2Views,100,10000,0.5,40,0.8995,0.848340910139354,0.905,0.834523982593832,74,1,26,2.6556341,1.9028309,4.558465
MFeat_2Views,100,100000,0.5,40,0.8995,0.848340910139354,0.905,0.834523982593832,74,1,26,3.2310131,1.9028309,5.133844
MFeat_2Views,1,1000,1,10,0.397875,0.360001318543767,0.4139375,0.25064216437159,277,1,51,10.8751677,3.1731586,14.0483263
MFeat_2Views,1,10000,1,10,0.389,0.35518395651834,0.40275,0.245141627203672,277,1,51,10.3427291,3.1731586,13.5158877
MFeat_2Views,1,100000,1,10,0.399375,0.363588482869752,0.416625,0.250912078807517,277,1,51,9.5357847,3.1731586,12.7089433
MFeat_2Views,10,1000,1,10,0.4574375,0.441602095090304,0.4829375,0.283302872693846,277,1,51,9.0719659,3.1731586,12.2451245
MFeat_2Views,10,10000,1,10,0.4516875,0.431561992729665,0.47425,0.281405172863844,277,1,51,8.8854317,3.1731586,12.0585903
MFeat_2Views,10,100000,1,10,0.4435625,0.424928806224098,0.46725,0.271957833747182,277,1,51,9.0942901,3.1731586,12.2674487
MFeat_2Views,100,1000,1,10,0.73925,0.709286763298285,0.7535,0.602826366808729,277,1,51,8.3621905,3.1731586,11.5353491
MFeat_2Views,100,10000,1,10,0.6665,0.639162354854274,0.68025,0.531101120696151,277,1,51,8.4945519,3.1731586,11.6677105
MFeat_2Views,100,100000,1,10,0.7366875,0.723668440914206,0.7618125,0.613499068359455,277,1,51,8.1587398,3.1731586,11.3318984
MFeat_2Views,1,1000,1,20,0.491875,0.460903659053061,0.5101875,0.305806907740362,154,1,51,6.9905524,0,6.9905524
MFeat_2Views,1,10000,1,20,0.491,0.466113386195767,0.5079375,0.31535316270762,154,1,51,7.0506694,0,7.0506694
MFeat_2Views,1,100000,1,20,0.491,0.466113386195767,0.5079375,0.31535316270762,154,1,51,7.028163,0,7.028163
MFeat_2Views,10,1000,1,20,0.5338125,0.540807955834233,0.56625,0.353802404442056,154,1,51,7.4339281,0,7.4339281
MFeat_2Views,10,10000,1,20,0.5338125,0.540807955834233,0.56625,0.353802404442056,154,1,51,7.3803834,0,7.3803834
MFeat_2Views,10,100000,1,20,0.5338125,0.540807955834233,0.56625,0.353802404442056,154,1,51,7.5747507,0,7.5747507
MFeat_2Views,100,1000,1,20,0.826,0.80803853788261,0.844625,0.759251359548921,154,1,51,6.3920816,0,6.3920816
MFeat_2Views,100,10000,1,20,0.826,0.80803853788261,0.844625,0.759251359548921,154,1,51,6.1400958,0,6.1400958
MFeat_2Views,100,100000,1,20,0.826,0.80803853788261,0.844625,0.759251359548921,154,1,51,6.4399797,0,6.4399797
MFeat_2Views,1,1000,1,40,0.50075,0.460544825115771,0.5176875,0.351022825806406,74,1,51,5.9037076,1.4752799,7.3789875
MFeat_2Views,1,10000,1,40,0.5145,0.489391374754987,0.534,0.373855531668531,74,1,51,5.6788078,1.4752799,7.1540877
MFeat_2Views,1,100000,1,40,0.5145,0.489391374754987,0.534,0.373855531668531,74,1,51,5.7387982,1.4752799,7.2140781
MFeat_2Views,10,1000,1,40,0.6651875,0.650346863799549,0.684625,0.525045604443786,74,1,51,5.7713201,1.4752799,7.2466
MFeat_2Views,10,10000,1,40,0.6651875,0.650346863799549,0.684625,0.525045604443786,74,1,51,5.7895882,1.4752799,7.2648681
MFeat_2Views,10,100000,1,40,0.6651875,0.650346863799549,0.684625,0.525045604443786,74,1,51,5.9734985,1.4752799,7.4487784
MFeat_2Views,100,1000,1,40,0.8995,0.848340910139354,0.905,0.834523982593832,74,1,26,2.5484138,1.4752799,4.0236937
MFeat_2Views,100,10000,1,40,0.8995,0.848340910139354,0.905,0.834523982593832,74,1,26,2.7260778,1.4752799,4.2013577
MFeat_2Views,100,100000,1,40,0.8995,0.848340910139354,0.905,0.834523982593832,74,1,26,2.6632975,1.4752799,4.1385774
MFeat_2Views,1,1000,2,10,0.48275,0.466173857669565,0.508,0.320495775444206,106,1,51,6.8247718,1.948208,8.7729798
MFeat_2Views,1,10000,2,10,0.4921875,0.472628977101265,0.5145,0.322391688510395,106,1,51,6.4515009,1.948208,8.3997089
MFeat_2Views,1,100000,2,10,0.4921875,0.472628977101265,0.5145,0.322391688510395,106,1,51,6.3614375,1.948208,8.3096455
MFeat_2Views,10,1000,2,10,0.595375,0.599266781905658,0.6283125,0.427440653415839,106,1,51,6.3990791,1.948208,8.3472871
MFeat_2Views,10,10000,2,10,0.6136875,0.609590771115062,0.6409375,0.448503832647589,106,1,51,6.695359,1.948208,8.643567
MFeat_2Views,10,100000,2,10,0.6136875,0.609590771115062,0.6409375,0.448503832647589,106,1,51,6.7201594,1.948208,8.6683674
MFeat_2Views,100,1000,2,10,0.8634375,0.821214235964155,0.874375,0.786435637497323,106,1,43,4.412966,1.948208,6.361174
MFeat_2Views,100,10000,2,10,0.8634375,0.821214235964155,0.874375,0.786435637497323,106,1,43,3.0074302,1.948208,4.9556382
MFeat_2Views,100,100000,2,10,0.8634375,0.821214235964155,0.874375,0.786435637497323,106,1,43,1.5941279,1.948208,3.5423359
MFeat_2Views,1,1000,2,20,0.50925,0.496780438937218,0.5355625,0.347106554447118,98,1,51,2.1566552,0.3327747,2.4894299
MFeat_2Views,1,10000,2,20,0.4958125,0.473535024270053,0.51575,0.332594874851087,98,1,51,2.0446257,0.3327747,2.3774004
MFeat_2Views,1,100000,2,20,0.4958125,0.473535024270053,0.51575,0.332594874851087,98,1,51,2.0000323,0.3327747,2.332807
MFeat_2Views,10,1000,2,20,0.5934375,0.595112668064784,0.62875,0.433387038820439,98,1,51,2.1510781,0.3327747,2.4838528
MFeat_2Views,10,10000,2,20,0.5880625,0.590641597367265,0.62575,0.432632884750422,98,1,51,2.1338816,0.3327747,2.4666563
MFeat_2Views,10,100000,2,20,0.5880625,0.590641597367265,0.62575,0.432632884750422,98,1,51,2.1543728,0.3327747,2.4871475
MFeat_2Views,100,1000,2,20,0.820375,0.792543600539865,0.8345625,0.742290724501373,98,1,40,1.4382187,0.3327747,1.7709934
MFeat_2Views,100,10000,2,20,0.820375,0.792543600539865,0.8345625,0.742290724501373,98,1,40,1.3672505,0.3327747,1.7000252
MFeat_2Views,100,100000,2,20,0.820375,0.792543600539865,0.8345625,0.742290724501373,98,1,40,1.3407342,0.3327747,1.6735089
MFeat_2Views,1,1000,2,40,0.47275,0.452339935469697,0.5000625,0.322261751376634,70,1,51,2.003707,0.2566838,2.2603908
MFeat_2Views,1,10000,2,40,0.5196875,0.514347823914933,0.5538125,0.371058924639164,70,1,51,1.9347476,0.2566838,2.1914314
MFeat_2Views,1,100000,2,40,0.5196875,0.514347823914933,0.5538125,0.371058924639164,70,1,51,1.9412844,0.2566838,2.1979682
MFeat_2Views,10,1000,2,40,0.6845,0.671953113607617,0.703875,0.548467996206542,70,1,51,1.9337116,0.2566838,2.1903954
MFeat_2Views,10,10000,2,40,0.6975,0.683437984541218,0.7169375,0.562246762819461,70,1,51,1.9449338,0.2566838,2.2016176
MFeat_2Views,10,100000,2,40,0.6975,0.683437984541218,0.7169375,0.562246762819461,70,1,51,1.9743843,0.2566838,2.2310681
MFeat_2Views,100,1000,2,40,0.867125,0.799546974233095,0.869875,0.777109563007228,70,1,23,0.8221627,0.2566838,1.0788465
MFeat_2Views,100,10000,2,40,0.867125,0.799546974233095,0.869875,0.777109563007228,70,1,23,0.8022868,0.2566838,1.0589706
MFeat_2Views,100,100000,2,40,0.867125,0.799546974233095,0.869875,0.777109563007228,70,1,23,0.8032519,0.2566838,1.0599357
Reuters-1200,1,100,0.5,8,0.355416666666667,0.187394257189886,0.375694444444444,0.269056267398656,164,3,19,46.8409138,0,46.8409138
Reuters-1200,1,1000,0.5,8,0.361944444444444,0.181780626663724,0.366666666666667,0.269496800196545,164,3,19,2.9676229,0,2.9676229
Reuters-1200,1,10000,0.5,8,0.361944444444444,0.181780626663724,0.366666666666667,0.269496800196545,164,3,19,2.8324549,0,2.8324549
Reuters-1200,10,100,0.5,8,0.397361111111111,0.242718669305447,0.422361111111111,0.302115010340019,164,3,51,7.3493854,0,7.3493854
Reuters-1200,10,1000,0.5,8,0.397361111111111,0.242718669305447,0.422361111111111,0.302115010340019,164,3,51,7.4444428,0,7.4444428
Reuters-1200,10,10000,0.5,8,0.415833333333333,0.253350543378709,0.444861111111111,0.313699328963378,164,3,51,7.497068,0,7.497068
Reuters-1200,100,100,0.5,8,0.590972222222222,0.353447664230425,0.597083333333333,0.422903597460848,164,3,28,3.7901304,0,3.7901304
Reuters-1200,100,1000,0.5,8,0.590972222222222,0.353447664230425,0.597083333333333,0.422903597460848,164,3,28,3.8051395,0,3.8051395
Reuters-1200,100,10000,0.5,8,0.590972222222222,0.353447664230425,0.597083333333333,0.422903597460848,164,3,28,3.6802424,0,3.6802424
Reuters-1200,1,100,0.5,16,0.408333333333333,0.217917025146248,0.425138888888889,0.300045907770396,106,3,27,3.7259882,0,3.7259882
Reuters-1200,1,1000,0.5,16,0.380694444444444,0.200627638096711,0.398611111111111,0.286504524724055,106,3,27,3.5845704,0,3.5845704
Reuters-1200,1,10000,0.5,16,0.367916666666667,0.196658046341811,0.381388888888889,0.289007620235392,106,3,27,3.456759,0,3.456759
Reuters-1200,10,100,0.5,16,0.447777777777778,0.272457096672311,0.465555555555556,0.335221687298134,106,3,51,6.6389532,0,6.6389532
Reuters-1200,10,1000,0.5,16,0.453333333333333,0.28686051345042,0.475,0.343943691522986,106,3,51,6.5219487,0,6.5219487
Reuters-1200,10,10000,0.5,16,0.453333333333333,0.28686051345042,0.475,0.343943691522986,106,3,51,6.4341879,0,6.4341879
Reuters-1200,100,100,0.5,16,0.514722222222222,0.269100764125515,0.5175,0.351912173628965,106,3,26,2.9951195,0,2.9951195
Reuters-1200,100,1000,0.5,16,0.514722222222222,0.269100764125515,0.5175,0.351912173628965,106,3,26,3.0371253,0,3.0371253
Reuters-1200,100,10000,0.5,16,0.514722222222222,0.269100764125515,0.5175,0.351912173628965,106,3,26,3.0184226,0,3.0184226
Reuters-1200,1,100,0.5,32,0.416666666666667,0.220518266441554,0.427916666666667,0.303205609419998,71,3,21,2.774867,6.3310423,9.1059093
Reuters-1200,1,1000,0.5,32,0.416666666666667,0.220518266441554,0.427916666666667,0.303205609419998,71,3,21,2.631722,6.3310423,8.9627643
Reuters-1200,1,10000,0.5,32,0.4275,0.22106416053761,0.438888888888889,0.303875265758942,71,3,21,2.5686732,6.3310423,8.8997155
Reuters-1200,10,100,0.5,32,0.474166666666667,0.303926945451542,0.485833333333333,0.357135597996948,71,3,23,2.7896496,6.3310423,9.1206919
Reuters-1200,10,1000,0.5,32,0.470833333333333,0.301039433555798,0.479861111111111,0.355187661060372,71,3,23,2.9236129,6.3310423,9.2546552
Reuters-1200,10,10000,0.5,32,0.470833333333333,0.301039433555798,0.479861111111111,0.355187661060372,71,3,23,3.0234067,6.3310423,9.354449
Reuters-1200,100,100,0.5,32,0.475277777777778,0.289069350058819,0.514027777777778,0.356567723247383,71,3,26,3.1287995,6.3310423,9.4598418
Reuters-1200,100,1000,0.5,32,0.483333333333333,0.291588660966045,0.521111111111111,0.357998119200648,71,3,26,2.9540741,6.3310423,9.2851164
Reuters-1200,100,10000,0.5,32,0.483333333333333,0.291588660966045,0.521111111111111,0.357998119200648,71,3,26,2.9323525,6.3310423,9.2633948
Reuters-1200,1,100,1,8,0.452222222222222,0.240381647216082,0.453888888888889,0.328228226007041,49,3,47,6.0376158,5.7127751,11.7503909
Reuters-1200,1,1000,1,8,0.452222222222222,0.240381647216082,0.453888888888889,0.328228226007041,49,3,47,5.7131426,5.7127751,11.4259177
Reuters-1200,1,10000,1,8,0.450555555555556,0.237795807290018,0.453194444444444,0.326643254162919,49,3,47,5.5877819,5.7127751,11.300557
Reuters-1200,10,100,1,8,0.516944444444444,0.287943609163312,0.522916666666667,0.363040909583436,49,3,39,4.6589799,5.7127751,10.371755
Reuters-1200,10,1000,1,8,0.516944444444444,0.287943609163312,0.522916666666667,0.363040909583436,49,3,39,4.8239403,5.7127751,10.5367154
Reuters-1200,10,10000,1,8,0.516944444444444,0.287943609163312,0.522916666666667,0.363040909583436,49,3,39,4.476965,5.7127751,10.1897401
Reuters-1200,100,100,1,8,0.452638888888889,0.269853526559327,0.479027777777778,0.339783994267006,49,3,19,2.1027998,5.7127751,7.8155749
Reuters-1200,100,1000,1,8,0.452638888888889,0.269853526559327,0.479027777777778,0.339783994267006,49,3,19,2.1295118,5.7127751,7.8422869
Reuters-1200,100,10000,1,8,0.454305555555556,0.27114451083733,0.479722222222222,0.34090873837888,49,3,19,2.0978564,5.7127751,7.8106315
Reuters-1200,1,100,1,16,0.424444444444444,0.2275738682368,0.446666666666667,0.326716355384492,37,3,30,3.5920163,5.5709842,9.1630005
Reuters-1200,1,1000,1,16,0.424444444444444,0.2275738682368,0.446666666666667,0.326716355384492,37,3,30,3.5080092,5.5709842,9.0789934
Reuters-1200,1,10000,1,16,0.424444444444444,0.2275738682368,0.446666666666667,0.326716355384492,37,3,30,3.4836699,5.5709842,9.0546541
Reuters-1200,10,100,1,16,0.500833333333333,0.281418237859579,0.524027777777778,0.361016179092742,37,3,40,4.4427018,5.5709842,10.013686
Reuters-1200,10,1000,1,16,0.500833333333333,0.281418237859579,0.524027777777778,0.361016179092742,37,3,40,4.4501074,5.5709842,10.0210916
Reuters-1200,10,10000,1,16,0.500833333333333,0.281418237859579,0.524027777777778,0.361016179092742,37,3,40,4.4403696,5.5709842,10.0113538
Reuters-1200,100,100,1,16,0.439027777777778,0.25003730449238,0.461111111111111,0.322423022752137,37,3,16,1.7917058,5.5709842,7.36269
Reuters-1200,100,1000,1,16,0.439027777777778,0.25003730449238,0.461111111111111,0.322423022752137,37,3,16,1.8008011,5.5709842,7.3717853
Reuters-1200,100,10000,1,16,0.439027777777778,0.25003730449238,0.461111111111111,0.322423022752137,37,3,16,1.7622543,5.5709842,7.3332385
Reuters-1200,1,100,1,32,0.481944444444444,0.271941161831835,0.491527777777778,0.351044461376169,26,3,39,4.5328016,4.7825957,9.3153973
Reuters-1200,1,1000,1,32,0.481944444444444,0.271941161831835,0.491527777777778,0.351044461376169,26,3,39,4.3714156,4.7825957,9.1540113
Reuters-1200,1,10000,1,32,0.481944444444444,0.271941161831835,0.491527777777778,0.351044461376169,26,3,39,4.3316847,4.7825957,9.1142804
Reuters-1200,10,100,1,32,0.530277777777778,0.311535898345835,0.538888888888889,0.378254908432907,26,3,36,4.0527197,4.7825957,8.8353154
Reuters-1200,10,1000,1,32,0.530277777777778,0.311535898345835,0.538888888888889,0.378254908432907,26,3,36,3.9381506,4.7825957,8.7207463
Reuters-1200,10,10000,1,32,0.530277777777778,0.311535898345835,0.538888888888889,0.378254908432907,26,3,36,4.0180086,4.7825957,8.8006043
Reuters-1200,100,100,1,32,0.422777777777778,0.212279650030393,0.44625,0.29683756101932,26,3,17,2.0621505,4.7825957,6.8447462
Reuters-1200,100,1000,1,32,0.422777777777778,0.212279650030393,0.44625,0.29683756101932,26,3,17,2.0273683,4.7825957,6.809964
Reuters-1200,100,10000,1,32,0.422777777777778,0.212279650030393,0.44625,0.29683756101932,26,3,17,1.8574449,4.7825957,6.6400406
Reuters-1200,1,100,2,8,0.449305555555556,0.229512078884255,0.454583333333333,0.344068459129165,15,3,26,3.0893139,4.3029784,7.3922923
Reuters-1200,1,1000,2,8,0.449305555555556,0.229512078884255,0.454583333333333,0.344068459129165,15,3,26,2.9292285,4.3029784,7.2322069
Reuters-1200,1,10000,2,8,0.449305555555556,0.229512078884255,0.454583333333333,0.344068459129165,15,3,26,2.9871464,4.3029784,7.2901248
Reuters-1200,10,100,2,8,0.428194444444444,0.234142699851377,0.4425,0.312683503446048,15,3,27,2.9403686,4.3029784,7.243347
Reuters-1200,10,1000,2,8,0.428194444444444,0.234142699851377,0.4425,0.312683503446048,15,3,27,2.88706,4.3029784,7.1900384
Reuters-1200,10,10000,2,8,0.428194444444444,0.234142699851377,0.4425,0.312683503446048,15,3,27,2.8967504,4.3029784,7.1997288
Reuters-1200,100,100,2,8,0.344583333333333,0.165432386393394,0.369583333333333,0.262871304331265,15,3,10,1.1758538,4.3029784,5.4788322
Reuters-1200,100,1000,2,8,0.344583333333333,0.165432386393394,0.369583333333333,0.262871304331265,15,3,10,1.1658795,4.3029784,5.4688579
Reuters-1200,100,10000,2,8,0.344583333333333,0.165432386393394,0.369583333333333,0.262871304331265,15,3,10,1.1767659,4.3029784,5.4797443
Reuters-1200,1,100,2,16,0.367777777777778,0.17945091997099,0.372916666666667,0.321375487842167,13,3,20,2.4153901,3.7203541,6.1357442
Reuters-1200,1,1000,2,16,0.367777777777778,0.17945091997099,0.372916666666667,0.321375487842167,13,3,20,2.2501232,3.7203541,5.9704773
Reuters-1200,1,10000,2,16,0.367777777777778,0.17945091997099,0.372916666666667,0.321375487842167,13,3,20,2.4077353,3.7203541,6.1280894
Reuters-1200,10,100,2,16,0.34,0.160242642758192,0.350138888888889,0.254327730352122,13,3,16,1.9326332,3.7203541,5.6529873
Reuters-1200,10,1000,2,16,0.34,0.160242642758192,0.350138888888889,0.254327730352122,13,3,16,1.7800388,3.7203541,5.5003929
Reuters-1200,10,10000,2,16,0.34,0.160242642758192,0.350138888888889,0.254327730352122,13,3,16,1.7761359,3.7203541,5.49649
Reuters-1200,100,100,2,16,0.253333333333333,0.0918936999851186,0.291666666666667,0.243861433579072,13,3,10,1.2231223,3.7203541,4.9434764
Reuters-1200,100,1000,2,16,0.253333333333333,0.0918936999851186,0.291666666666667,0.243861433579072,13,3,10,1.2225436,3.7203541,4.9428977
Reuters-1200,100,10000,2,16,0.253333333333333,0.0918936999851186,0.291666666666667,0.243861433579072,13,3,10,1.1882108,3.7203541,4.9085649
Reuters-1200,1,100,2,32,0.282222222222222,0.104564638599485,0.309444444444444,0.278711655389492,10,3,11,1.4653556,2.8277275,4.2930831
Reuters-1200,1,1000,2,32,0.282222222222222,0.104564638599485,0.309444444444444,0.278711655389492,10,3,11,1.3105002,2.8277275,4.1382277
Reuters-1200,1,10000,2,32,0.282222222222222,0.104564638599485,0.309444444444444,0.278711655389492,10,3,11,1.328454,2.8277275,4.1561815
Reuters-1200,10,100,2,32,0.399305555555556,0.183378559602978,0.399305555555556,0.27140060803065,10,3,10,1.1738849,2.8277275,4.0016124
Reuters-1200,10,1000,2,32,0.399305555555556,0.183378559602978,0.399305555555556,0.27140060803065,10,3,10,1.1707557,2.8277275,3.9984832
Reuters-1200,10,10000,2,32,0.399305555555556,0.183378559602978,0.399305555555556,0.27140060803065,10,3,10,1.1595186,2.8277275,3.9872461
Reuters-1200,100,100,2,32,0.334861111111111,0.156394751603145,0.370555555555556,0.263106199778166,10,3,10,1.1929103,2.8277275,4.0206378
Reuters-1200,100,1000,2,32,0.334861111111111,0.156394751603145,0.370555555555556,0.263106199778166,10,3,10,1.1677222,2.8277275,3.9954497
Reuters-1200,100,10000,2,32,0.334861111111111,0.156394751603145,0.370555555555556,0.263106199778166,10,3,10,1.1630345,2.8277275,3.990762
Wikifea,1,100,0.5,10,0.198127471505001,0.0662038993829646,0.224936031635264,0.145980854781509,439,2,51,46.7895902,1.3910443,48.1806345
Wikifea,1,1000,0.5,10,0.202896022330775,0.0733465697350622,0.232321470109328,0.155084740386878,439,2,51,16.2069934,1.3910443,17.5980377
Wikifea,1,10000,0.5,10,0.218248429867411,0.084549261152961,0.242789020702489,0.162838211415865,439,2,51,4.8064443,1.3910443,6.1974886
Wikifea,10,100,0.5,10,0.390963014654571,0.316063474665461,0.430681553849733,0.27602967224359,439,2,51,27.6301569,1.3910443,29.0212012
Wikifea,10,1000,0.5,10,0.290300069783671,0.18315474589997,0.320714119562689,0.1940341331794,439,2,51,32.6567979,1.3910443,34.0478422
Wikifea,10,10000,0.5,10,0.31751570132589,0.240004952630153,0.351244475459409,0.216812880866912,439,2,51,15.2010525,1.3910443,16.5920968
Wikifea,100,100,0.5,10,0.315480344266108,0.22863229072448,0.33699697604094,0.224723625979741,439,2,51,14.5816395,1.3910443,15.9726838
Wikifea,100,1000,0.5,10,0.301639916259595,0.205044920339011,0.326762037683182,0.213773139554548,439,2,51,14.612987,1.3910443,16.0040313
Wikifea,100,10000,0.5,10,0.323854384740637,0.241474004658225,0.352465689695278,0.231309887689786,439,2,51,14.4907428,1.3910443,15.8817871
Wikifea,1,100,0.5,20,0.290648988136776,0.156690525524575,0.323912537799488,0.187063008302941,229,2,51,12.7138805,4.2358733,16.9497538
Wikifea,1,1000,0.5,20,0.328332170272156,0.208082466916786,0.359909281228193,0.214258166366475,229,2,51,12.2277382,4.2358733,16.4636115
Wikifea,1,10000,0.5,20,0.29739474296348,0.155834364587385,0.320074435915329,0.18996687956644,229,2,51,11.9422151,4.2358733,16.1780884
Wikifea,10,100,0.5,20,0.151372412188881,0.025521903949623,0.175273319376599,0.151654337981592,229,2,51,10.8156363,4.2358733,15.0515096
Wikifea,10,1000,0.5,20,0.1493370551291,0.0283774144401462,0.175680390788555,0.149560603274216,229,2,51,11.1809573,4.2358733,15.4168306
Wikifea,10,10000,0.5,20,0.157711095603629,0.0272347801871868,0.1785880437311,0.15166009816595,229,2,51,10.8170586,4.2358733,15.0529319
Wikifea,100,100,0.5,20,0.290183763665969,0.17621046592886,0.314782507559898,0.209368165738484,229,2,51,10.3100389,4.2358733,14.5459122
Wikifea,100,1000,0.5,20,0.295824610374506,0.185699623946351,0.321702721563154,0.216713693572966,229,2,51,11.2898806,4.2358733,15.5257539
Wikifea,100,10000,0.5,20,0.270993254245173,0.154109352812075,0.293265875785066,0.196510831125886,229,2,51,10.681421,4.2358733,14.9172943
Wikifea,1,100,0.5,40,0.171318911374738,0.0326483415130422,0.190044196324727,0.144244746324845,117,2,51,10.6380014,3.2272936,13.865295
Wikifea,1,1000,0.5,40,0.167713421725983,0.0323179195542964,0.190858339148639,0.146100272061975,117,2,51,10.6231896,3.2272936,13.8504832
Wikifea,1,10000,0.5,40,0.165794370783903,0.032329716056875,0.188822982088858,0.138551789427449,117,2,51,8.8251074,3.2272936,12.052401
Wikifea,10,100,0.5,40,0.290823447313329,0.216354615763853,0.333856710862991,0.240981356742156,117,2,51,8.7293254,3.2272936,11.956619
Wikifea,10,1000,0.5,40,0.28117003954408,0.210779011011683,0.323272854152128,0.239744813623173,117,2,51,9.2457667,3.2272936,12.4730603
Wikifea,10,10000,0.5,40,0.265003489183531,0.191142716859865,0.310653640381484,0.222667775506,117,2,51,9.0667147,3.2272936,12.2940083
Wikifea,100,100,0.5,40,0.496336357292394,0.481073891245133,0.554780181437544,0.380547782497965,117,2,51,8.8671315,3.2272936,12.0944251
Wikifea,100,1000,0.5,40,0.497906489881368,0.476091045752485,0.549662712258665,0.380091558730681,117,2,51,7.7760319,3.2272936,11.0033255
Wikifea,100,10000,0.5,40,0.478774133519423,0.46924517705475,0.541695743196092,0.368759961245866,117,2,51,7.6073959,3.2272936,10.8346895
Wikifea,1,100,1,10,0.402186555012794,0.276502331170651,0.442602930914166,0.28727733739195,270,2,51,10.6838603,4.1677554,14.8516157
Wikifea,1,1000,1,10,0.431263084438241,0.340390787291438,0.489299837171435,0.327482786916719,270,2,51,10.1595794,4.1677554,14.3273348
Wikifea,1,10000,1,10,0.358106536403815,0.233894648823035,0.387997208653175,0.233897940895614,270,2,51,10.1761328,4.1677554,14.3438882
Wikifea,10,100,1,10,0.230286113049546,0.129806885829788,0.266166550360549,0.180622059869889,270,2,51,10.0357338,4.1677554,14.2034892
Wikifea,10,1000,1,10,0.198127471505001,0.0712010109779316,0.214235868806699,0.157597378711451,270,2,51,9.4852904,4.1677554,13.6530458
Wikifea,10,10000,1,10,0.192544777855315,0.0609789628083091,0.210223307745987,0.163961695654011,270,2,51,9.4492754,4.1677554,13.6170308
Wikifea,100,100,1,10,0.316178180972319,0.234797436187432,0.352000465224471,0.236145656162657,270,2,51,9.3648521,4.1677554,13.5326075
Wikifea,100,1000,1,10,0.296464294021866,0.193957305170215,0.330483833449639,0.221885419451943,270,2,51,9.2676492,4.1677554,13.4354046
Wikifea,100,10000,1,10,0.298150732728542,0.188638547814701,0.324959292858804,0.216984635279987,270,2,51,9.3295605,4.1677554,13.4973159
Wikifea,1,100,1,20,0.373633403117004,0.232395951811643,0.403465922307513,0.252319952669723,187,2,51,9.4060763,3.2915739,12.6976502
Wikifea,1,1000,1,20,0.305303558967202,0.15967541716132,0.324086996976041,0.194045872047605,187,2,51,8.9776125,3.2915739,12.2691864
Wikifea,1,10000,1,20,0.350197720400093,0.214833604044272,0.371888811351477,0.224704873361488,187,2,51,9.115426,3.2915739,12.4069999
Wikifea,10,100,1,20,0.299953477552919,0.228567971474675,0.326994649918586,0.214568921172042,187,2,51,8.7018411,3.2915739,11.993415
Wikifea,10,1000,1,20,0.286578274017213,0.201537679283187,0.30193068155385,0.20233787385719,187,2,51,9.1528285,3.2915739,12.4444024
Wikifea,10,10000,1,20,0.306350314026518,0.233966825178724,0.339846475924634,0.217791138941147,187,2,51,9.1810689,3.2915739,12.4726428
Wikifea,100,100,1,20,0.294487090020935,0.179332612986476,0.312223772970458,0.229896549242259,187,2,51,8.5997716,3.2915739,11.8913455
Wikifea,100,1000,1,20,0.276343335659456,0.178233927282001,0.307629681321238,0.218322463784271,187,2,51,8.4258099,3.2915739,11.7173838
Wikifea,100,10000,1,20,0.29221912072575,0.193502601978642,0.320074435915329,0.239611515485122,187,2,51,8.1598656,3.2915739,11.4514395
Wikifea,1,100,1,40,0.180390788555478,0.0479392850880746,0.200860665270993,0.132847175941787,112,2,51,8.3004754,2.3854999,10.6859753
Wikifea,1,1000,1,40,0.173296115375669,0.0366127330922087,0.193068155384973,0.129027290928659,112,2,51,7.9489765,2.3854999,10.3344764
Wikifea,1,10000,1,40,0.170737380786229,0.0364735561105283,0.189869737148174,0.13230453309716,112,2,51,3.020823,2.3854999,5.4063229
Wikifea,10,100,1,40,0.359269597580833,0.276976214534985,0.382007443591533,0.273925136473172,112,2,51,6.1165773,2.3854999,8.5020772
Wikifea,10,1000,1,40,0.338857873924168,0.260978014909719,0.370609444056757,0.26533229787828,112,2,51,6.8320782,2.3854999,9.2175781
Wikifea,10,10000,1,40,0.321470109327751,0.224054840769722,0.34089323098395,0.249382538871919,112,2,51,6.6419564,2.3854999,9.0274563
Wikifea,100,100,1,40,0.375377994882531,0.358993963553549,0.449872063270528,0.312978576766419,112,2,51,5.7762045,2.3854999,8.1617044
Wikifea,100,1000,1,40,0.370725750174459,0.355628923386449,0.437078390323331,0.308420512918037,112,2,51,6.046645,2.3854999,8.4321449
Wikifea,100,10000,1,40,0.381949290532682,0.36183610896856,0.443300767620377,0.318490970497202,112,2,51,5.9037407,2.3854999,8.2892406
Wikifea,1,100,2,10,0.417131891137474,0.326572382380938,0.48895091881833,0.319838258138557,123,2,51,7.4044836,1.1100751,8.5145587
Wikifea,1,1000,2,10,0.416143289137009,0.286540325857668,0.457315654803443,0.300159582356611,123,2,51,7.2122589,1.1100751,8.322334
Wikifea,1,10000,2,10,0.419167248197255,0.285706303760963,0.454117236566643,0.294696343073708,123,2,51,7.3241601,1.1100751,8.4342352
Wikifea,10,100,2,10,0.30454756920214,0.170752518817383,0.33507792509886,0.208076778732697,123,2,51,7.2677922,1.1100751,8.3778673
Wikifea,10,1000,2,10,0.178529890672249,0.0380863967048966,0.202896022330775,0.13758170567202,123,2,51,7.2450485,1.1100751,8.3551236
Wikifea,10,10000,2,10,0.155559432426146,0.0264575730385846,0.178878809025355,0.135479705667404,123,2,51,6.8317851,1.1100751,7.9418602
Wikifea,100,100,2,10,0.296580600139567,0.15786291124731,0.320190742033031,0.206854515836688,123,2,51,6.0099488,1.1100751,7.1200239
Wikifea,100,1000,2,10,0.252675040707141,0.112517633453984,0.278843917190044,0.170400770826538,123,2,51,5.9211022,1.1100751,7.0311773
Wikifea,100,10000,2,10,0.274482437776227,0.133728595607344,0.305478018143754,0.179709986854682,123,2,51,5.6813908,1.1100751,6.7914659
Wikifea,1,100,2,20,0.37857641311933,0.258595829426371,0.423063503140265,0.272543247649136,102,2,51,7.0688869,0.9339245,8.0028114
Wikifea,1,1000,2,20,0.370202372644801,0.23401831023767,0.404745289602233,0.249491574657112,102,2,51,6.9165669,0.9339245,7.8504914
Wikifea,1,10000,2,20,0.375029076529425,0.236949923554645,0.407594789485927,0.251735264039265,102,2,51,6.8266291,0.9339245,7.7605536
Wikifea,10,100,2,20,0.307280762968132,0.250164111358879,0.34478948592696,0.240253343122151,102,2,51,6.4402219,0.9339245,7.3741464
Wikifea,10,1000,2,20,0.313386834147476,0.245405681541849,0.34025354733659,0.248351987857871,102,2,51,6.6546593,0.9339245,7.5885838
Wikifea,10,10000,2,20,0.325133752035357,0.266642602104785,0.354501046755059,0.247927156903095,102,2,51,6.6567204,0.9339245,7.5906449
Wikifea,100,100,2,20,0.435275645498953,0.403969065717263,0.484996510816469,0.342834688695166,102,2,51,5.8060788,0.9339245,6.7400033
Wikifea,100,1000,2,20,0.389625494301,0.37481902648485,0.431786461967899,0.311649239593783,102,2,51,5.8074906,0.9339245,6.7414151
Wikifea,100,10000,2,20,0.435508257734357,0.411039613513275,0.492498255408234,0.360381542427722,102,2,51,5.6282091,0.9339245,6.5621336
Wikifea,1,100,2,40,0.347057455222145,0.222934923245426,0.380321004884857,0.227351873121994,76,1,51,7.0141521,0.7786306,7.7927827
Wikifea,1,1000,2,40,0.335194231216562,0.205313829131809,0.360781577110956,0.218856816220668,76,1,51,6.7462297,0.7786306,7.5248603
Wikifea,1,10000,2,40,0.335194231216562,0.205313829131809,0.360781577110956,0.218856816220668,76,1,51,6.6643309,0.7786306,7.4429615
Wikifea,10,100,2,40,0.160793207722726,0.0347407560838969,0.183938125145383,0.138194247528294,76,1,40,3.8748386,0.7786306,4.6534692
Wikifea,10,1000,2,40,0.176029309141661,0.0475944936088844,0.199523144917423,0.144548815792048,76,1,40,1.8685004,0.7786306,2.647131
Wikifea,10,10000,2,40,0.192137706443359,0.0648034692819901,0.216038613631077,0.155184322163134,76,1,40,1.953128,0.7786306,2.7317586
Wikifea,100,100,2,40,0.532914631309607,0.508408741743243,0.59478948592696,0.445345390135835,76,1,51,9.9039658,0.7786306,10.6825964
Wikifea,100,1000,2,40,0.531518957897185,0.516094534706221,0.606129332402884,0.450133404813361,76,1,51,5.742323,0.7786306,6.5209536
Wikifea,100,10000,2,40,0.531518957897185,0.516094534706221,0.606129332402884,0.450133404813361,76,1,51,6.637229,0.7786306,7.4158596
Wikifea,1,100,4,10,0.411723656664341,0.263674882889352,0.443765992091184,0.285693233405071,66,2,51,6.9355092,0.7772927,7.7128019
Wikifea,1,1000,4,10,0.429169574319609,0.283776375797991,0.459234705745522,0.301075623344159,66,2,51,6.9795748,0.7772927,7.7568675
Wikifea,1,10000,4,10,0.414573156548034,0.274867655769596,0.447080716445685,0.290575423276302,66,2,51,6.5753741,0.7772927,7.3526668
Wikifea,10,100,4,10,0.222668062340079,0.100785282114068,0.243603163526401,0.155079698885694,66,2,51,6.3313255,0.7772927,7.1086182
Wikifea,10,1000,4,10,0.270469876715515,0.203914522811977,0.318446150267504,0.209652019411092,66,2,51,6.0887364,0.7772927,6.8660291
Wikifea,10,10000,4,10,0.251163061177018,0.161640495067501,0.295184926727146,0.189929115367684,66,2,51,10.7237546,0.7772927,11.5010473
Wikifea,100,100,4,10,0.526692254012561,0.494664524720704,0.569260293091417,0.370585991383897,66,2,51,5.8592645,0.7772927,6.6365572
Wikifea,100,1000,4,10,0.507036520120958,0.488476756038725,0.564026517794836,0.364325146276245,66,2,51,5.4026341,0.7772927,6.1799268
Wikifea,100,10000,4,10,0.521051407304024,0.490254845742806,0.571935333798558,0.370330726314101,66,2,51,5.3794561,0.7772927,6.1567488
Wikifea,1,100,4,20,0.410967666899279,0.265383790631464,0.453652012095836,0.284335832433196,63,2,51,6.2716172,0.5147949,6.7864121
Wikifea,1,1000,4,20,0.41881832984415,0.297636798524084,0.470865317515701,0.310181049193185,63,2,51,5.8449645,0.5147949,6.3597594
Wikifea,1,10000,4,20,0.435101186322401,0.312213836638798,0.484473133286811,0.324202111701107,63,2,51,5.9739865,0.5147949,6.4887814
Wikifea,10,100,4,20,0.211735287276111,0.0969272263054234,0.250988602000465,0.156521092020668,63,2,51,5.7010725,0.5147949,6.2158674
Wikifea,10,1000,4,20,0.282856478250756,0.192491678493156,0.332112119097465,0.216128523036019,63,2,51,5.7027315,0.5147949,6.2175264
Wikifea,10,10000,4,20,0.297918120493138,0.18976488615117,0.3279250988602,0.238662056959934,63,2,51,5.6647361,0.5147949,6.179531
Wikifea,100,100,4,20,0.482554082344731,0.461728738807201,0.529832519190509,0.34040695452988,63,2,51,5.427583,0.5147949,5.9423779
Wikifea,100,1000,4,20,0.50063968364736,0.471642102099431,0.545766457315655,0.348967439594606,63,2,51,5.4517185,0.5147949,5.9665134
Wikifea,100,10000,4,20,0.499127704117237,0.469776509364683,0.552163293789253,0.354503965710659,63,2,51,5.2831426,0.5147949,5.7979375
Wikifea,1,100,4,40,0.195568736915562,0.0716223584393773,0.217957664573157,0.146860591341702,54,1,51,6.2479452,0.9567483,7.2046935
Wikifea,1,1000,4,40,0.175389625494301,0.0482951842077799,0.204000930448942,0.133433647388386,54,1,51,5.8587906,0.9567483,6.8155389
Wikifea,1,10000,4,40,0.179053268201907,0.0524844819380764,0.207024889509188,0.134761592419124,54,1,51,5.7355561,0.9567483,6.6923044
Wikifea,10,100,4,40,0.196789951151431,0.0637894611923057,0.220400093044894,0.136659851503232,54,1,51,5.5106868,0.9567483,6.4674351
Wikifea,10,1000,4,40,0.209932542451733,0.081312224816992,0.239183531053733,0.149933399617982,54,1,51,5.5505045,0.9567483,6.5072528
Wikifea,10,10000,4,40,0.186031635264015,0.0542537911715113,0.218306582926262,0.12946111500711,54,1,51,5.605328,0.9567483,6.5620763
Wikifea,100,100,4,40,0.523900907187718,0.511265350682739,0.605140730402419,0.451996123370751,54,1,51,5.0168109,0.9567483,5.9735592
Wikifea,100,1000,4,40,0.537566876017679,0.487552408364626,0.591242149337055,0.449302714535456,54,1,51,4.9075463,0.9567483,5.8642946
Wikifea,100,10000,4,40,0.535240753663643,0.485182150847749,0.589555710630379,0.447347426384988,54,1,51,4.8881408,0.9567483,5.8448891
