method,dataset,ACC,NMI,AR,Purity,Fscore,Precision,Recall,Entropy,ACC_std,NMI_std,AR_std,Purity_std,Fscore_std,Precision_std,Recall_std,Entropy_std,beta,lambda,lambdaBIC,minNodeSize,targetView,numAnchors_total,numAnchors_per_view,acceptedSplits,rejectedSplits,meanLeafSize,maxDepth,totalTime,anchorTime,alignmentTime,useMultiViewFusion,singleViewOnly,numGridConfigs,searchBudget,selectionMetric,randomSeed,source
"A0_Full_Reference","ForestTypes",0.80402,0.51539,0.54816,0.80402,0.67413,0.682,0.66691,1.9207,0.015516,0.026646,0.023309,0.015516,0.018919,0.01063,0.029935,0.029885,100,100,0.75,20,3,59,"[20 19 20]",0,0,NaN,,0.5562,0.0242,NaN,"","",625,6250,"ACC",1,"ablation_biclr_latest"
"A1_woBIC_Joint","Mfeat",0.899,0.82327,0.79656,0.899,0.81691,0.81303,0.82084,3.3149,0.020436,0.018133,0.028181,0.020436,0.025338,0.025976,0.024763,0.0029317,100,3000,0,24,1,128,"[65 63]",126,128,31.2576,8,69.8604,0.67546,2.2568,"","",48,480,"ACC",1,"ablation_biclr_latest"
"A1_woBIC_Joint","Ruter1200",0.56052,0.33805,0.2669,0.56125,0.39633,0.37297,0.42305,2.4911,0.0138,0.015752,0.021945,0.012332,0.016588,0.01988,0.013673,0.022837,125,100,0,16,3,310,"[60 62 64 62 62]",305,310,19.3629,23,520.7895,12.1451,6.2949,"","",48,384,"ACC",1,"ablation_biclr_latest"
"A1_woBIC_Joint","WIKI",0.53917,0.50969,0.37856,0.59447,0.44602,0.44292,0.44932,3.2555,0.029359,0.011445,0.02433,0.016785,0.021541,0.023155,0.021626,0.019036,100,1000,0,50,2,88,"[44 44]",86,88,65.1364,16,211.3281,0.26322,2.0387,"","",48,384,"ACC",1,"ablation_biclr_latest"
"A1_woBIC_Joint","ForestTypes",0.7847,0.4942,0.51594,0.7847,0.64952,0.66262,0.63751,1.9315,0.031409,0.044793,0.047056,0.031409,0.036885,0.024724,0.048967,0.03355,100,30,0,20,3,60,"[20 19 21]",57,60,26.1937,7,120.6704,0.037922,0.92351,"","",125,1250,"ACC",1,"ablation_biclr_latest"
"A1_woBIC_Joint","Caltech256_4Views_257cls_withClutter",0.31881,0.55588,0.22092,0.39735,0.22481,0.26413,0.19569,7.9181,0.0034952,0.0033018,0.0048353,0.0042397,0.0048137,0.0056906,0.0043528,0.0087938,200,500,0,160,3,596,"[149 149 148 150]",592,596,205.4207,13,8828.132,198.1501,114.3784,"","",36,108,"ACC",1,"ablation_biclr_latest"
"A3_SSETarget","Mfeat",0.899,0.82327,0.79656,0.899,0.81691,0.81303,0.82084,3.3149,0.020436,0.018133,0.028181,0.020436,0.025338,0.025976,0.024763,0.0029317,100,3000,0.5,24,1,128,"[65 63]",126,128,31.2576,8,280.7753,0.50412,2.3826,"","",240,2400,"ACC",1,"ablation_biclr_latest"
"A3_SSETarget","Ruter1200",0.59562,0.36198,0.2957,0.59562,0.4192,0.3979,0.44382,2.4912,0.022912,0.0081268,0.023899,0.022912,0.016586,0.026978,0.0084855,0.054395,50,300,0.5,10,3,141,"[30 28 30 26 27]",136,141,42.6911,14,727.9105,13.741,7.1186,"","",192,1536,"ACC",1,"ablation_biclr_latest"
"A3_SSETarget","WIKI",0.58034,0.52492,0.43272,0.61697,0.49312,0.49905,0.48734,3.2815,0.0012909,0.0021208,0.0028354,0.0010999,0.0025386,0.0025296,0.0025542,0.00048039,80,1000,2.5,30,1,79,"[29 50]",77,79,78.0738,12,515.8325,0.2263,1.7512,"","",240,1920,"ACC",1,"ablation_biclr_latest"
"A3_SSETarget","ForestTypes",0.80402,0.51539,0.54816,0.80402,0.67413,0.682,0.66691,1.9207,0.015516,0.026646,0.023309,0.015516,0.018919,0.01063,0.029935,0.029885,100,30,0.2,20,3,59,"[20 19 20]",56,59,26.6088,7,835.1942,0,0.577,"","",625,6250,"ACC",1,"ablation_biclr_latest"
"A3_SSETarget","Caltech256_4Views_257cls_withClutter",0.24437,0.48136,0.16651,0.30819,0.17075,0.19746,0.1504,7.8984,0.0056997,0.0024963,0.0080655,0.0038875,0.00803,0.0090359,0.0072468,0.0056341,150,10000,3,80,1,533,"[213 80 102 138]",529,533,262.0352,13,7995.6559,385.4289,135.4105,"","",48,144,"ACC",1,"ablation_biclr_latest"
"A4_woMultiViewFusion","Mfeat",0.5837,0.53466,0.40155,0.5994,0.46407,0.44272,0.48791,3.247,0.027118,0.017437,0.02555,0.019261,0.022362,0.025541,0.021147,0.030226,160,NaN,2,40,1,70,"[33 37]",68,70,57.3301,7,60.6602,0.37769,0,"","",80,800,"ACC",1,"ablation_biclr_latest"
"A4_woMultiViewFusion","Ruter1200",0.61052,0.34621,0.31035,0.61052,0.42713,0.41925,0.43562,2.5538,0.015795,0.007273,0.019322,0.015795,0.013758,0.020436,0.0061498,0.032045,50,NaN,0.5,12,4,126,"[27 24 27 23 25]",121,126,47.8126,13,159.2471,0,0,"","",64,512,"ACC",1,"ablation_biclr_latest"
"A4_woMultiViewFusion","WIKI",0.55461,0.51099,0.36031,0.59887,0.43196,0.41652,0.44957,3.2202,0.022579,0.013583,0.024237,0.019103,0.020533,0.028253,0.020294,0.039898,100,NaN,3.5,50,2,52,"[18 34]",50,52,121.7582,11,125.9416,0.26852,0,"","",80,640,"ACC",1,"ablation_biclr_latest"
"A4_woMultiViewFusion","ForestTypes",0.67782,0.37717,0.35296,0.69216,0.53215,0.54156,0.52338,1.9294,0.067272,0.039127,0.046256,0.042351,0.036007,0.029195,0.043056,0.028767,160,NaN,0.2,16,1,76,"[25 26 25]",73,76,20.6518,8,29.9225,0,0,"","",125,1250,"ACC",1,"ablation_biclr_latest"
"A4_woMultiViewFusion","Caltech256_4Views_257cls_withClutter",0.088923,0.31573,0.061047,0.14975,0.065605,0.079334,0.055928,7.9582,0.0016942,0.0007112,0.0059473,0.00094781,0.0059326,0.0069206,0.0051835,0.0027029,200,NaN,4,160,3,324,"[116 59 66 83]",320,324,403.7794,11,3834.0874,231.2528,0,"","",36,108,"ACC",1,"ablation_biclr_latest"
"A0_Full_Reference","Mfeat",0.927,0.85401,0.84521,0.927,0.86066,0.85853,0.86279,3.3184,0.049677,0.031353,0.057588,0.043228,0.05153,0.057957,0.045007,0.016194,100,1000,0.75,32,1,95,"[49 46]",NaN,NaN,NaN,NaN,1.408,0.2977,NaN,NaN,NaN,NaN,NaN,"",1,"res_biclr_refined_grid_best"
"A0_Full_Reference","Ruter1200",0.65917,0.41183,0.37482,0.65917,0.47953,0.47517,0.48397,2.5712,0.0095083,0.010712,0.013647,0.0095083,0.010753,0.013062,0.0085362,0.011014,2000,1000,0.35,16,1,215,"[41 42 47 38 47]",NaN,NaN,NaN,NaN,8.5574,7.2458,NaN,NaN,NaN,NaN,NaN,"",1,"res_biclr_refined_grid_best"
"A0_Full_Reference","ForestTypes",0.81836,0.55305,0.56766,0.81836,0.6878,0.69874,0.67719,1.9276,0.078924,0.048084,0.071096,0.045983,0.051601,0.051703,0.05195,0.012966,200,1000,0.75,24,3,50,"[17 17 16]",NaN,NaN,NaN,NaN,0.53205,0.020926,NaN,NaN,NaN,NaN,NaN,"",1,"res_biclr_refined_grid_best"
